"מסך","מזהה (לא לערוך)","חלק","ניסוח נוכחי","ניסוח מתוקן"
"תיאורי המסלולים","full-tour","שם מסלול","סיור כללי",""
"תיאורי המסלולים","full-tour","תיאור מסלול","סקירה מודרכת · כ-44 שלבים",""
"תיאורי המסלולים","deep-tour","שם מסלול","סיור מעמיק",""
"תיאורי המסלולים","deep-tour","תיאור מסלול","כל ששת המסלולים במלואם · כ-72 שלבים",""
"תיאורי המסלולים","participants","שם מסלול","משתתפים",""
"תיאורי המסלולים","participants","תיאור מסלול","הוספה · עריכה · העדפות",""
"תיאורי המסלולים","task-rules","שם מסלול","כללי משימות",""
"תיאורי המסלולים","task-rules","תיאור מסלול","תבניות · משמרות · הגבלות",""
"תיאורי המסלולים","schedule","שם מסלול","שבצ""ק",""
"תיאורי המסלולים","schedule","תיאור מסלול","יצירה · מצב חי · חילוץ",""
"תיאורי המסלולים","algorithm","שם מסלול","הגדרות אלגוריתם",""
"תיאורי המסלולים","algorithm","תיאור מסלול","הגדרות · ערכות · אילוצים",""
"תיאורי המסלולים","profile","שם מסלול","כרטיס משתתף",""
"תיאורי המסלולים","profile","תיאור מסלול","מבט אישי על משתתף",""
"תיאורי המסלולים","task-panel","שם מסלול","לוח משימה",""
"תיאורי המסלולים","task-panel","תיאור מסלול","מבט פר-משימה",""
"סיור כללי","ft-welcome","כותרת","ברוך הבא ל-Garden Manager",""
"סיור כללי","ft-welcome","טקסט","סיור קצר (~6 דק׳) על חלקי המערכת — איך מגדירים משתתפים, איך נוצר השבצ""ק, ואיפה ההגדרות. ניתן לצאת בכל שלב, ולחזור מאוחר יותר מלשונית <strong>הגדרות</strong>. הסיור לא חוסם את הממשק — תוכל ללחוץ על כל כפתור שאני מציין.",""
"סיור כללי","ft-one-time","כותרת","משימות חד-פעמיות",""
"סיור כללי","ft-one-time","טקסט","בנוסף לתבניות הקבועות, ניתן להוסיף משימות חד-פעמיות — אירועים חריגים ביום ושעה ספציפיים, שאינם חוזרים. למשל: סיור קבוצתי, אירוח, או משמרת מילואים. יופיעו בשבצ""ק הבא שייווצר.",""
"סיור כללי","ft-schedule-intro","כותרת","הצעדים הבאים: לשונית השבצ""ק",""
"סיור כללי","ft-schedule-intro","טקסט","הסיור עומד להציג את לשונית השבצ""ק. השבצ""ק כבר נוצר עבור הדגמה, ותוכל לראות בו את כל המנגנונים — אזהרות, מצב חי, ומשבצות לאיוש.",""
"סיור כללי","ft-profile-pointer","כותרת","כרטיס משתתף",""
"סיור כללי","ft-profile-pointer","טקסט","לחץ על כל שם משתתף לפתיחת הכרטיס האישי — לו""ז, עומס, ואי-זמינות. למדריך מפורט: <strong>הגדרות ← 📖 מדריכים ← כרטיס משתתף</strong>.",""
"סיור כללי","ft-task-panel-pointer","כותרת","לוח משימה",""
"סיור כללי","ft-task-panel-pointer","טקסט","לחץ על תג משימה בגריד לפתיחת לוח מפורט — ציר זמן שבועי, דרישות, פילוח עומס. למדריך מפורט: <strong>הגדרות ← 📖 מדריכים ← לוח משימה</strong>.",""
"סיור כללי","ft-home","כותרת","כפתור הבית — השבצקיסט",""
"סיור כללי","ft-home","טקסט","הכותרת <strong>השבצקיסט</strong> שלמעלה היא גם כפתור הבית — הקש עליה בכל רגע כדי לחזור למסך הפתיחה. מסך הבית הוא נקודת המוצא שלך: הוא מראה אם השבצ""ק <strong>ישים</strong> ומה ה<strong>ציון</strong> שלו, כפתור גדול ל<strong>צור שבצ""ק</strong> בלחיצה אחת, פירוט כל מה שחוסם יצירה (אם יש), קישורים מהירים לכל הלשוניות, וכפתור <strong>📖 סיור מודרך</strong> לפתיחת הסיור הזה שוב.",""
"סיור כללי","ft-closing","כותרת","סיימת את הסיור הכללי",""
"סיור כללי","ft-closing","טקסט","להתחלה מהירה: ודא שיש מספיק משתתפים לכל קבוצה ← לחץ <strong>⚡ צור שבצ""ק</strong> ← בדוק את הציון בלוח המדדים. לפירוט נוסף על מסך מסוים, חזור ל<strong>הגדרות ← 📖 מדריכים</strong>.",""
"משתתפים","p-1","כותרת","לשונית המשתתפים",""
"משתתפים","p-1","טקסט","כאן מגדירים את כל אנשי הצוות. כל משתתף שיוגדר כאן ייכלל אוטומטית בחישוב השבצ""ק — ללא משתתפים, אין מה לשבץ.",""
"משתתפים","p-2","כותרת","הוספת משתתף",""
"משתתפים","p-2","טקסט","כפתור זה פותח גיליון להוספת משתתף חדש — שם, קבוצה ורמה, ואז <strong>שמירה</strong>. כל שדה משפיע על המשמרות שיוצעו למשתתף. <em>(בשלב הבא אפתח את הגיליון להדגמה.)</em>",""
"משתתפים","p-3","כותרת","שדות מרכזיים",""
"משתתפים","p-3","טקסט","<strong>שם</strong> — חופשי. <strong>קבוצה</strong> — קריטית למשימות שדורשות קבוצה אחידה. <strong>דרגה</strong> — L0 (מתחיל) / L2 / L3 / L4 (בכיר); אין L1 במערכת. הדרגה קובעת באילו משבצות המשתתף יוכל להשתבץ. <strong>הסמכות</strong> — פותחות גישה למשבצות מיוחדות.",""
"משתתפים","p-3","טקסט (מובייל)","הגיליון התחתון מציג את שדות הזיהוי: <strong>שם</strong>, <strong>קבוצה</strong>, ו<strong>דרגה</strong> (L0 / L2 / L3 / L4 — אין L1). הדרגה קובעת באילו משבצות המשתתף יוכל להשתבץ. <strong>הסמכות</strong>, <strong>מקדם עומס</strong>, ו<strong>אי-זיווג</strong> מופיעים בקטעים נוספים בהמשך הגיליון.",""
"משתתפים","p-4","כותרת","סינון לפי קבוצה",""
"משתתפים","p-4","טקסט","כפתורי הקבוצה מסננים את הטבלה למשתתפי קבוצה אחת בלבד. שימושי לוודא שלכל קבוצה יש מספיק משתתפים ברמות הנדרשות לפני יצירת שבצ""ק.",""
"משתתפים","p-4b","כותרת","עריכה והסרה של משתתף",""
"משתתפים","p-4b","טקסט","בכל שורה, עמודת <strong>פעולות</strong> מציגה שני כפתורים. <strong>✎ עריכה</strong> פותח את אותו גיליון העריכה לתיקון משתתף קיים — דרגה, קבוצה, הסמכות וכל היתר. <strong>🗑 הסרה</strong> מוחק את המשתתף: תוצג בקשת אישור (<strong>הסר</strong>), ומיד לאחריה הודעה עם קישור <strong>בטל</strong> לשחזור. <strong>שים לב</strong>: הסרת משתתף מוחקת גם את כל שיבוציו וכללי אי-הזמינות שלו.",""
"משתתפים","p-5","כותרת","אי-זמינות",""
"משתתפים","p-5","טקסט","בקטע זה מגדירים מתי המשתתף לא זמין — למשל יום 3 אחה""צ. הכפתור <strong>+ הוסף חסימה</strong> פותח בורר טווח ימים ושעות; המערכת תמנע אוטומטית שיבוץ במשמרות חופפות. <em>(פתחתי לך את גיליון העריכה של המשתתף הראשון להדגמה.)</em>",""
"משתתפים","p-5b","כותרת","מקדם עומס ופק""לים",""
"משתתפים","p-5b","טקסט","<strong>מקדם עומס</strong> — מספר שמשנה את מטרת חלוקת השעות של המשתתף (1.0 = ברירת מחדל; 1.5 = יקבל ~50% יותר; 0.5 = ~50% פחות; טווח 0.3–5.0). תג <strong>×N</strong> בעמודת הרמה מציין שהמקדם שונה מ-1. בקטע <strong>פק""לים</strong> שבגיליון — תיבות סימון להסמכות תפעוליות צמודות לאדם (מוגדרות בהגדרות ← הסמכות ופק""לים). <em>(פתחתי לך את גיליון העריכה להדגמה.)</em>",""
"משתתפים","p-6","כותרת","עריכת טבלה מהירה",""
"משתתפים","p-6","טקסט","מצב עריכת טבלה מאפשר לשנות שדות של כמה משתתפים בו-זמנית — יעיל לעדכון קבוצות או רמות בצובר. <strong>✓ אשר</strong> שומר את כל השינויים יחד. במובייל: כפתור <strong>+ מהיר</strong> פותח גיליון להוספת מספר משתתפים יחד עם ברירות מחדל משותפות.",""
"משתתפים","p-6b","כותרת","בחירה מרובה ופעולות בצובר",""
"משתתפים","p-6b","טקסט","תיבות הסימון בעמודה הימנית של הטבלה מאפשרות בחירה מרובה. כשנבחר משתתף אחד או יותר תופיע שורת פעולות: <strong>מחק משתתפים</strong> ו<strong>הוסף חוסר זמינות</strong> בצובר. קיצור: לחיצה על תג קבוצה בוחרת את כל חבריה; Shift/Ctrl-click מצרפת בחירות.",""
"משתתפים","p-7","כותרת","העדפות משימה",""
"משתתפים","p-7","טקסט","בגיליון העריכה תוכל להגדיר משימה <strong>מועדפת</strong> ו<strong>פחות-מועדפת</strong>. אלו אילוצים רכים — האופטימייזר יעדיף לכבד אותם, אך אינו מחויב לכך. אם תבחר משימה שהמשתתף לא כשיר אליה (רמה / הסמכה לא מתאימה), תופיע אזהרה מתחת לשדה — ההעדפה תישמר אך לא תשפיע על השיבוץ.",""
"משתתפים","p-7b","כותרת","אי-התאמה בין משתתפים",""
"משתתפים","p-7b","טקסט","בקטע <strong>אי-זיווג</strong> בגיליון העריכה ניתן לסמן שמות משתתפים שעדיף לא לשבץ יחד עם המשתתף הזה. זהו <strong>אילוץ רך</strong> — האופטימייזר ישתדל להפריד ביניהם, אך עשוי לשבץ יחד אם אין ברירה, וההפרה תופיע כאזהרה בלוח האזהרות. <strong>שים לב</strong>: כדי שהאילוץ יחול על תבנית מסוימת, צריך להפעיל בה את המתג <strong>""אי התאמה""</strong> (ראה לשונית כללי משימות). <em>(פתחתי לך את גיליון העריכה להדגמה.)</em>",""
"משתתפים","p-8","כותרת","מערכי משתתפים",""
"משתתפים","p-8","טקסט","מערך הוא תמונת מצב של הצוות — שמות, רמות, הסמכות. שמור כמה מערכים ועבור ביניהם (החלפה אינה מוחקת שבצ""ק קיים). בלוח עצמו: <strong>📊 ייבוא Excel</strong> לטעינת מערך מגיליון, <strong>עדכן</strong> לשמירת שינויים על מערך פעיל (תג ""שונה"" מציין שיש שינויים שלא נשמרו), <strong>שכפל / שנה שם / ייצא JSON או Excel</strong> לכל מערך.",""
"כללי משימות","t-1","כותרת","לשונית כללי משימות",""
"כללי משימות","t-1","טקסט","כאן מגדירים אילו משימות קיימות וכל כללי השיבוץ שלהן. שינויים משפיעים על השבצ""ק <strong>הבא</strong> שייווצר — שבצ""ק שכבר נוצר אינו נפגע.",""
"כללי משימות","t-2","כותרת","הוספת תבנית",""
"כללי משימות","t-2","טקסט","תבנית היא ""מתכון"" חוזר — למשל משימה עם 3 משמרות ביום, 8 שעות כל אחת. המערכת תייצר ממנה משמרות אוטומטית לכל ימות השבצ""ק.",""
"כללי משימות","t-3","כותרת","כרטיסיות התבניות",""
"כללי משימות","t-3","טקסט","כל תבנית מוצגת ככרטיסייה הניתנת להרחבה — שם, מספר משמרות ביום, שעת התחלה ומשך. מתחת לשדות תופיע שורת שבבים שמראה בזמן אמת את <strong>שעות ההתחלה והסיום של כל משמרת</strong> — למשל: <code>1 06:00–14:00 &nbsp; 2 14:00–22:00 &nbsp; 3 22:00–06:00</code>. <strong>כל שינוי שדה נשמר אוטומטית — אין כפתור ""שמור""</strong>; נצנוץ קצר בשורה מאשר כל שמירה.",""
"כללי משימות","t-4","כותרת","משבצות",""
"כללי משימות","t-4","טקסט","כל תבנית מורכבת ממשבצות — כל משבצת מייצגת תפקיד אחד שיש לאייש. לכל משבצת מגדירים: <strong>רמות מותרות</strong> (תגי הרמה ניתנים להחלפה בין רגיל / <strong>~</strong> עדיפות-נמוכה / כבוי), <strong>הסמכות נדרשות</strong>, ו<strong>הסמכות אסורות</strong> (פוסלות מחזיקי הסמכה ספציפית). הוספת משבצת חדשה מתבצעת באמצעות הכפתור <strong>+ משבצת</strong> בתוך כרטיסיית התבנית.",""
"כללי משימות","t-4b","כותרת","תת-צוותים",""
"כללי משימות","t-4b","טקסט","בנוסף למשבצות הראשיות, ניתן לחלק את התבנית ל<strong>תת-צוותים</strong> — קבוצות משבצות עצמאיות שמייצגות תפקידים שונים בתוך אותה משימה. לדוגמה: ""ניהול שטח"" עם 2 משבצות לצד ""תמיכה לוגיסטית"" עם 3 משבצות, כאשר לכל תת-צוות הסמכות שונות. הכפתור <strong>+ תת-צוות</strong> מוסיף קבוצה חדשה ומאפשר לתת לה שם ולהוסיף לה משבצות. משבצות בתת-צוות ומשבצות ""ראשיות"" יכולות לדור בכפיפה אחת — ניתן לשלב לפי הצורך. הסרת תת-צוות מתבצעת באמצעות <strong>✕</strong> בכותרתו.",""
"כללי משימות","t-5","כותרת","קבוצה אחידה",""
"כללי משימות","t-5","טקסט","כשמסומן — כל המשובצים במשמרת חייבים להיות מאותה קבוצה. מתאים למשימות שדורשות צוות מגובש.",""
"כללי משימות","t-6","כותרת","חסימת רצף",""
"כללי משימות","t-6","טקסט","כשמופעל — האופטימייזר ימנע משמרות ""כבדות"" רצופות לאותו אדם. חיוני למשימות ארוכות; השאר כבוי למשימות קצרות.",""
"כללי משימות","t-6b","כותרת","אי התאמה",""
"כללי משימות","t-6b","טקסט","כשמסומן — העדפות <strong>אי-זיווג</strong> שהוגדרו בכרטיסי המשתתפים יחולו על משמרות התבנית הזו, והאופטימייזר ישתדל לא לשבץ יחד אנשים שסומנו זה מול זה. זהו <strong>אילוץ רך</strong>: כשאין ברירה הם עשויים להשתבץ יחד, וההפרה תופיע כאזהרה. ללא הפעלת המתג כאן, הגדרות אי-הזיווג אינן משפיעות על התבנית.",""
"כללי משימות","t-6c","כותרת","ניתן לפיצול",""
"כללי משימות","t-6c","טקסט","כשמסומן — <strong>וגם פיצול משמרות מופעל בהגדרות האלגוריתם</strong> — המערכת רשאית לפצל מופע לשתי משמרות שוות לשני אנשים <strong>שונים</strong>: גם כדי לאייש משבצת שאחרת תישאר ריקה, וגם כשהפיצול <strong>משפר משמעותית</strong> את האיכות (עונש הפיצול קובע את הסף), ומאחה בחזרה כשכבר לא משתלם. בלתי תלוי ב""חוסם רצף""; ברירת המחדל כבויה — וכל עוד הוא כבוי השיבוץ מתנהג בדיוק כמו היום.",""
"כללי משימות","t-7","כותרת","כללי מרווח",""
"כללי משימות","t-7","טקסט","כלל מרווח מגדיר מינימום שעות מנוחה בין שתי משמרות שכפופות לאותו כלל — למשל ""הפסקה מינימלית 5 שעות"". כלל אחד יכול לשמש מספר תבניות.",""
"כללי משימות","t-7b","כותרת","השלמות שינה והתאוששות",""
"כללי משימות","t-7b","טקסט","מנגנון נפרד מכללי מרווח: בוחרים אילו <strong>משמרות-טריגר</strong> בתבנית מפעילות חלון התאוששות (לפי מספר המשמרת: 1, 2, 3...), ואז <strong>שעות התאוששות</strong> שבהן לא תשובץ שום משימה אחרת בעלת עומס. לדוגמה: סיום משמרת לילה (משמרת 3) → 12 שעות בלי שיבוץ נוסף. אילוץ <strong>קשה</strong> — אם מופר, השבצ""ק פסול.",""
"כללי משימות","t-8","כותרת","נוסחת עומס",""
"כללי משימות","t-8","טקסט","קובעת כמה ""כבד"" נחשב כל שעה של המשמרת לחישוב חלוקת עומס בין המשתתפים. בדרך-כלל אין צורך לשנות את ברירת המחדל. כפתור <strong>🧮</strong> ליד שדה הערך פותח חלון להגדרת הנוסחה לפי השוואה למשימות אחרות. לאחר שמירת נוסחה, יופיע כפתור <strong>ℹ️</strong> נוסף המציג את הפירוט ואזהרות אם הנוסחה התיישנה.",""
"כללי משימות","t-8b","כותרת","חלונות עומס מוגבר",""
"כללי משימות","t-8b","טקסט","מאפשרים להגדיר ש<em>חלק מהמשמרת</em> נחשב יותר עומס — למשל החלק 06:00–08:00 שוקל ×0.8, או החצי הראשון של משמרת לילה. בכל חלון: טווח שעות, משקל (0–1), ו<strong>חוסם בקצה</strong> — אם מסומן, חלון שנוגע בקצה המשמרת חוסם רצף עם משמרת סמוכה (אילוץ ברמת חלון, נפרד מ""חוסמת רצף"" שברמת התבנית).",""
"כללי משימות","t-8c","כותרת","משימות חד-פעמיות",""
"כללי משימות","t-8c","טקסט","בנוסף לתבניות החוזרות, אפשר להגדיר <strong>משימות חד-פעמיות</strong> — אירועים חריגים ביום ובשעה ספציפיים, שאינם חוזרים (למשל סיור קבוצתי, אירוח, או משמרת מילואים). לכל משימה כזו אותן אבני-בניין כמו לתבנית: משבצות, תת-צוותים, חלונות עומס מוגבר, והשלמות שינה. הן נשמרות כחלק מסט המשימות ויופיעו בשבצ""ק הבא שייווצר.",""
"כללי משימות","t-9","כותרת","מוכנות לשיבוץ",""
"כללי משימות","t-9","טקסט","תג זה מסכם את הבדיקה המקדימה הכוללת — <strong>קריטי</strong> אדום / <strong>אזהרה</strong> כתום / <strong>בסדר</strong> ירוק. לחיצה על התג פותחת רשימה מפורטת של כל הממצאים.<br><br><strong>ממצאים קריטיים (חוסמים יצירת שבצ""ק):</strong><br>• <strong>פער כישורים</strong> — אין מספיק משתתפים ברמה/הסמכה הנדרשות לאיוש כל המשבצות של תבנית. פתרון: הוסף משתתפים, הרחב רמות מותרות, או הסר משבצת.<br>• <strong>פער ביום ספציפי</strong> — כוח אדם כולל מספיק, אך ביום או שעה ספציפיים אין מי שכשיר וזמין יחד — לרוב בגלל אי-זמינות מרוכזת.<br>• <strong>חריגת קיבולת</strong> — סך השעות הנדרשות מהצוות גדול מסך הזמינות (מעל 100% ניצול).<br><br><strong>אזהרות (יצירה אפשרית, מומלץ לבדוק):</strong><br>• <strong>נדירות כשירות</strong> — משבצת עם מועמד יחיד, צפיפות 90–100%, או פער רוטציה במשימת ""קבוצה אחידה"".<br><br>בנוסף, כל כרטיסיית תבנית מציגה תג <strong>!</strong> או <strong>⚠</strong> ספציפי לתבנית עצמה — לחיצה עליו פותחת רשימה ממוקדת לאותה תבנית.",""
"כללי משימות","t-10","כותרת","סטים של משימות",""
"כללי משימות","t-10","טקסט","בדומה למערכי משתתפים: שמור גרסאות מלאות של כללי המשימות (תבניות + משימות חד-פעמיות + כללי מרווח) ועבור ביניהן. שימושי לשמירת תצורות שונות לפי תקופה או צורך. <strong>שים לב</strong>: טעינת סט מחליפה את שלושת הרכיבים ביחד. תג ""שונה"" מסמן שערכת את הסט הפעיל ולא שמרת.",""
"שבצ""ק","s-1","כותרת","יצירת שבצ""ק",""
"שבצ""ק","s-1","טקסט","שדה ""ימים"" קובע את אורך התקופה (1–7 ימים). כפתור <strong>⚡ צור שבצ""ק</strong> מפעיל את האופטימייזר. כשמשנים נתונים לאחר היצירה תופיע ההודעה ""⚠ השיבוץ לא מעודכן"" — יצירה מחדש מרעננת את התוצאה.",""
"שבצ""ק","s-2","כותרת","ניסיונות אופטימיזציה",""
"שבצ""ק","s-2","טקסט","כל ניסיון מפעיל מחזור שלם של בנייה ושיפור. ברירת המחדל (60 ניסיונות) מתאימה לצוות גדול; לצוות עד 20 משתתפים, 10–20 ניסיונות מספיקים ומסיימים תוך שניות. במהלך הריצה תופיע שכבת אופטימיזציה עם התקדמות, וכפתור <strong>לשבצ""ק (סיים עכשיו)</strong> לקבלת התוצאה הטובה ביותר עד כה.",""
"שבצ""ק","s-3","כותרת","לוח מדדים",""
"שבצ""ק","s-3","טקסט","✓ ""ישים"" — כל התנאים המחייבים עברו. ✗ ""לא ישים"" — יש הפרה שחובה לתקן. הציון הנומרי (נמוך = מאוזן יותר) מסכם קנסות מתנאים רכים. לחץ על תא האזהרות הכתום לקפיצה ישירה לחלונית ההפרות.",""
"שבצ""ק","s-4","כותרת","ניווט בין ימים",""
"שבצ""ק","s-4","טקסט","כל כפתור = יום תפעולי. תג <strong>!</strong> אדום על יום מציין שיש בו הפרות שדורשות תיקון. <strong>יום 0</strong>, אם מופיע, מציג שיבוצים מהשבצ""ק הקודם — לקריאה בלבד. במצב חי בלבד: <strong>🧊</strong> = יום שעבר וחסום לעריכה; <strong>⏳</strong> = היום הנוכחי (חסום עד שעת העוגן).",""
"שבצ""ק","s-5","כותרת","טבלת השיבוץ",""
"שבצ""ק","s-5","טקסט","כל שורה = פרק זמן; כל תא = משתתף משובץ או ריק. לחיצה על שם משתתף פותחת את הכרטיס האישי שלו, ולחיצה על תג משימה פותחת את לוח המשימה. מתחת לטבלה תמצא שתי תצוגות חלופיות (רצועות וגאנט) — נדבר עליהן בשלב הבא.",""
"שבצ""ק","s-5b","כותרת","תצוגות חלופיות — רצועות וגאנט",""
"שבצ""ק","s-5b","טקסט","מתחת לטבלת השיבוץ הרגילה יש שתי תצוגות נוספות, שתיהן ניתנות לקיפול:<br><br>• <strong>רצועות (Swimlane)</strong> — שורה לכל משתתף, עם פסים צבעוניים של משימות לאורך ציר זמן. שימושית לראות ""מי עובד מתי"" ולזהות פערים ארוכים בין משמרות. במצב חי מוצג סמן <strong>""עכשיו""</strong> אדום.<br>• <strong>גאנט</strong> — תצוגה דומה הממוקדת בסדר כרונולוגי, עם אנוטציות לחציית חצות (◄/►) שמראות שמשמרת ממשיכה ליום הבא.<br><br>במובייל, תצוגת הרצועות מחליפה את הגאנט. לחיצה על שם משתתף בכל אחת מהן פותחת את הכרטיס האישי שלו.",""
"שבצ""ק","s-6","כותרת","סרגל עומס עבודה",""
"שבצ""ק","s-6","טקסט","מציג שעות אפקטיביות לכל משתתף — מתחילים (L0) ובכירים מוצגים בנפרד (החלק הסגלי 👤 מוסתר כברירת מחדל; הפעל אותו ע""י המתג בראש הסרגל). הפס הכהה = העומס שנצבר עד היום הנוכחי. <strong>לחץ על שם</strong> לפתיחת הכרטיס האישי. <strong>לחץ על הפס</strong> לפתיחת חלון פיזור יומי — סרגל מיני לכל יום + סימון פיק/היום.",""
"שבצ""ק","s-7","כותרת","אזהרות והפרות",""
"שבצ""ק","s-7","טקסט","<strong>אילוצים קשים (HC)</strong> — שבצ""ק אינו ישים; חובה לתקן. <strong>אילוצים רכים (SC)</strong> — קנסות שמורידים את הציון אך השבצ""ק עדיין תקף. ניתן לקפל ולפתוח כל קטגוריה; הפרות מסודרות לפי יום.",""
"שבצ""ק","s-7","טקסט (מובייל)","<strong>HC</strong> — אילוצים קשים; השבצ""ק לא ישים עד תיקון. <strong>SC</strong> — אילוצים רכים; קנס בציון, אך השבצ""ק תקף. גלילה מטה מציגה את הקטגוריות והפרות לפי יום.",""
"שבצ""ק","s-8","כותרת","החלפה ידנית — חלק 1",""
"שבצ""ק","s-8","טקסט","הקשה (או ריחוף בעכבר) על שם משתתף בתא חושפת טולטיפ עם פעולות מהירות. <em>המדריך הציג עכשיו את הטולטיפ עבורך</em> — בשלב הבא נסביר את הכפתור הנכון.",""
"שבצ""ק","s-8","טקסט (מובייל)","במגע, הקשה על שם משובץ בטבלה פותחת <strong>גיליון תחתון</strong> עם פרטי המשתתף — דרגה, קבוצה, הסמכות, פק""לים ופילוח עומס — ובתחתיתו כפתורי פעולה מהירה <strong>⇄ החלפה</strong> ו-<strong>🆘 חילוץ</strong> (חילוץ — במצב חי בלבד). <em>פתח את הגיליון על שם כלשהו</em>; בשלב הבא נסביר את כפתור ההחלפה.",""
"שבצ""ק","s-8-action","כותרת","החלפה ידנית — חלק 2",""
"שבצ""ק","s-8-action","טקסט","הכפתור <strong>⇄ החלפה</strong> פותח את בורר ההחלפות. מצב <strong>חופשי</strong> — בחר ממלא חדש למשבצת. מצב <strong>החלפה</strong> — שני משתתפים מחליפים מקום זה עם זה. סינונים: חיפוש, צ'יפים של קבוצה/רמה, מיון לפי עומס. אם אין כשירים — <strong>מצב אבחון</strong> מציג את כל המועמדים שנפסלו ואת סיבת הפסילה.<br><br>התצוגה המקדימה כוללת שני מקטעים חשובים: <strong>(1) עומס לפני/אחרי</strong> לכל משתתף מושפע — עלייה באדום, ירידה בירוק. <strong>(2) שינויים באזהרות רכות</strong> — אזהרות חדשות לצד אזהרות שיבוטלו. עיין בשניהם לפני אישור.<br><br>תיבת <strong>""סמן ___ כלא-זמין""</strong> רושמת את המוחלף כלא-זמין לחלון המשבצת; כשהיא מסומנת מופיע שדה אופציונלי ל<strong>סיבה</strong> שיישמר בכרטיס המשתתף.",""
"שבצ""ק","s-8-action","טקסט (מובייל)","בתוך הגיליון, <strong>⇄ החלפה</strong> פותח את בורר ההחלפות. מצב <strong>חופשי</strong> — בחר ממלא חדש למשבצת; מצב <strong>החלפה</strong> — שני משתתפים מחליפים מקום. סינון: חיפוש, צ'יפים של קבוצה/רמה, ומיון לפי עומס; אם אין כשירים — <strong>מצב אבחון</strong> מציג מי נפסל ולמה. לפני אישור בדוק את <strong>העומס לפני/אחרי</strong> (עלייה באדום, ירידה בירוק) ואת <strong>השינויים באזהרות הרכות</strong>. תיבת <strong>""סמן כלא-זמין""</strong> רושמת את המוחלף כלא-זמין לחלון המשבצת, עם שדה <strong>סיבה</strong> אופציונלי.",""
"שבצ""ק","s-8b","כותרת","ביטול ושחזור",""
"שבצ""ק","s-8b","טקסט","כפתורי ↪ <strong>ביטול</strong> ו-↩ <strong>שחזור</strong> בסרגל הכותרת עוקבים אחר כל ההחלפות הידניות, החילוצים, וההזרקות שביצעת. המספר בסוגריים מציג כמה פעולות שמורות בהיסטוריה. ↪ <strong>ביטול</strong> מחזיר את השבצ""ק למצבו לפני הפעולה האחרונה — <em>כולל</em> כניסות אי-זמינות שנרשמו יחד איתה. ↩ <strong>שחזור</strong> מחזיר את מה שבוטל. הסטאק אינו נשמר בין גרסאות שמורות — אם אתה עומד לנסות שינוי גדול, שמור גרסה תחילה כנקודת חזרה.",""
"שבצ""ק","s-8c","כותרת","ריחוף וקיצורי דרך",""
"שבצ""ק","s-8c","טקסט","ריחוף עם העכבר חושף קיצורי דרך נסתרים שיחסכו לך הרבה ניווט:<br><br>• <strong>שם משתתף</strong> בגריד / ברצועות / בסרגל הצד → טולטיפ עם רמה, קבוצה, הסמכות, פק""לים, ופילוח עומס. כשמרחפים על תא שיבוץ ספציפי, מופיעים בתוך הטולטיפ כפתורים <strong>⇄ החלפה</strong> ו-<strong>🆘 חילוץ</strong> (חילוץ — במצב חי בלבד) — שינוי משמרת בלי לפתוח שום בורר ידנית.<br>• <strong>תג משימה</strong> בגריד / בגאנט → טולטיפ עם פרטי המשמרת, רשימת המשובצים, וכפתור <strong>📋 פתח חלונית משימה</strong> לניווט מהיר.<br><br>במגע: לחיצה ארוכה (חצי שנייה) על שם משתתף מנווטת ישירות לכרטיס האישי; הקשה רגילה פותחת גיליון תחתון עם אותו תוכן.",""
"שבצ""ק","s-8c","כותרת (מובייל)","קיצורי דרך במגע",""
"שבצ""ק","s-8c","טקסט (מובייל)","במגע יש שני קיצורים מהירים על שם משתתף:<br><br>• <strong>הקשה רגילה</strong> פותחת גיליון תחתון עם הטולטיפ — דרגה, קבוצה, הסמכות, פק""לים, פילוח עומס, וכפתורי <strong>⇄ החלפה</strong> ו-<strong>🆘 חילוץ</strong> (במצב חי).<br>• <strong>לחיצה ארוכה</strong> (חצי שנייה) מדלגת על הגיליון ומנווטת ישר לכרטיס האישי של המשתתף.<br><br>הקשה על תג משימה פותחת גיליון מקביל עם פרטי המשמרת וקיצור ל-<strong>📋 חלונית משימה</strong>.",""
"שבצ""ק","s-9","כותרת","מצב חי",""
"שבצ""ק","s-9","טקסט","מצב חי מקבע עוגן (יום + שעה). שיבוצים <strong>לפני</strong> העוגן — קפואים ולא ניתנים לעריכה. שיבוצים <strong>אחריו</strong> — ניתנים לעריכה, חילוץ, והזרקת משימות חירום. שימושי בניהול שבצ""ק בזמן אמת. <em>(בהדגמה זו מצב חי מופעל מראש עם עוגן בצהריים של יום 1.)</em>",""
"שבצ""ק","s-10","כותרת","חילוץ — מילוי משבצת ריקה",""
"שבצ""ק","s-10","טקסט","במצב חי, משבצת פנויה בעתיד מציגה כפתור 🆘. האופטימייזר מחפש שרשרת החלפות (עומק 1 עד 3) שמשאירה את השבצ""ק תקף והוגן. כל תוכנית מקבלת תג איכות (<strong>מצוין / סביר / משמעותי</strong>) ואת רשימת השלבים שלה. עומק 4 מוצג רק כמוצא אחרון, עם אזהרה ייעודית. תוכניות שיוצרות הפרת אילוץ קשה מסומנות ⚠ בכותרת — ניתן עדיין להחיל אותן (""⚠ החל תוכנית — יש הפרות""), אך ההפרה תופיע בחלונית האזהרות.<br><br>תיבת <strong>""סמן את המוחלף כלא-זמין""</strong> רושמת את המשתתף שיצא כלא-זמין בחלון המשבצת — כדי שההחלטה תישמר לעתיד. כשמסומנת מופיע שדה אופציונלי ל<strong>סיבה</strong> שיישמר עם רשומת אי-הזמינות.",""
"שבצ""ק","s-10b","כותרת","תמונת מצב — איפה כל משתמש נמצא?",""
"שבצ""ק","s-10b","טקסט","תצוגה ייעודית שעונה ""מי איפה"" בנקודת זמן בודדת — בחר יום + שעה ותראה את כל המשתתפים ממוינים ל<strong>משובצים / במנוחה / לא זמינים / פנויים</strong>. שימושי לתכנון אד-הוק וזיהוי ""פנאי לא מנוצל"".",""
"שבצ""ק","s-10c","כותרת","בדיקת עתודה פנויה",""
"שבצ""ק","s-10c","טקסט","סרגל מתקפל בין הגריד לגאנט: ""מי פנוי בין שעה X לשעה Y?"". לחיצה עליו פותח טופס בחירת טווח שעות עם סינון לפי <strong>דרגה / הסמכה / קבוצה</strong>, <strong>שולי ביטחון</strong> לפני/אחרי, ו<strong>מצב השלמת שינה</strong> לסינון מי שעדיין בחלון התאוששות. נקודת הכניסה למציאת ממלאי-מקום מהירים.",""
"שבצ""ק","s-11","כותרת","בנייה ידנית",""
"שבצ""ק","s-11","טקסט","כפתור זה פותח שבצ""ק ריק לאיוש ידני. בחירת משבצת בטבלה פותחת מחסן משתתפים מסונן לפי כשירות; שורת הסטטוס מציגה את התקדמות האיוש; <strong>↪ ביטול</strong> מבטל את הפעולה האחרונה.",""
"שבצ""ק","s-12","כותרת","שמירת שבצ""קים",""
"שבצ""ק","s-12","טקסט","שמור גרסאות בשם — להשוואה בין שיבוצים, או לשמירת טיוטה לפני ניסיון שינוי. תג ""שונה"" = השבצ""ק הנוכחי שונה מהגרסה השמורה. לכל גרסה: <strong>טען / עדכן (במקום) / שכפל / שנה שם / מחק</strong>. טעינה ועדכון בלחיצה אחת; מחיקה אינה הפיכה. כפתור <strong>🔄 אפס</strong> שבסרגל הכותרת מוחק את השבצ""ק הנוכחי ומחזיר את המסך למצב שלפני היצירה — המשתתפים, כללי המשימות, ההגדרות והגרסאות השמורות נשמרים; הפעולה מבקשת אישור ואינה ניתנת לביטול דרך <strong>↪ ביטול</strong>.",""
"שבצ""ק","s-12b","כותרת","יום 0 — שרשור בין שבצ""קים",""
"שבצ""ק","s-12b","טקסט","הסרגל העליון מאפשר לחבר שבצ""קים עוקבים: <strong>📋 ייצוא יום</strong> שומר את מצב היום הנוכחי כקובץ הקשר. <strong>🔗 המשך מכאן</strong> מחיל אותו על שבצ""ק חדש. <strong>📋 חיבור לשבצ""ק קודם</strong> טוען קובץ הקשר ידנית. השבצ""ק החדש יציג כרטיסיית <strong>יום 0</strong> לקריאה בלבד — העוגן שמפעיל אילוצי גשר בין השבצ""קים.",""
"שבצ""ק","s-13","כותרת","משימת חירום",""
"שבצ""ק","s-13","טקסט","פעיל רק במצב חי. הגדר משימה חד-פעמית שלא תוכננה מראש — שם, יום, שעה, משך, רמות והסמכות נדרשות. המערכת מחפשת את השיבוץ הפחות-משבש ומציגה <strong>תוכניות מדורגות</strong> לבחירה. תיבה אופציונלית ""<strong>שמור את המשימה גם במסך המשימות</strong>"" משאירה אותה כמשימה חד-פעמית קבועה (תופיע ביצירת השבצ""ק הבא).",""
"שבצ""ק","s-14","כותרת","אי-זמינות עתידית",""
"שבצ""ק","s-14","טקסט","פתח כרטיס משתתף ← <strong>🆘 סמן אי-זמינות</strong> ← בחר חלון יום ושעה. שלא כמו חילוץ שמטפל במשבצת בודדת, אי-זמינות עתידית מחשבת <strong>תוכנית אחת מאוחדת</strong> שמחליפה את כל השיבוצים שייפגעו יחד.<br><br>לפני הפעלת החיפוש, המערכת תציג <strong>רשימת כל השיבוצים שייפגעו</strong> עם תיבת סימון לכל אחד. בטל סימון של שיבוץ כדי להוציאו מהתוכנית — שימושי כשהמשתתף יכול לכסות חלק מהמשמרות בעצמו. שיבוצים מהעבר הקפוא (לפני העוגן) מוצגים בנפרד בקוביית ""🔒 נעולים"" ולא ניתן לשנותם. אם החיפוש לא מוצא תוכנית מלאה, ייפתח חלון הכרעה: להסיר משבצות בלתי-פתירות ולנסות שוב, לצמצם את החלון, או לבטל.",""
"שבצ""ק","s-15","כותרת","ייצוא",""
"שבצ""ק","s-15","טקסט","כפתור הייצוא פותח חלון בחירה. <strong>PDF</strong> — תצוגה מודפסת (יומית מפורטת + סיכום שבועי). <strong>Excel</strong> — גיליון נתונים עם עמודות זמן, משימה ומשתתף. הייצוא זמין לכל שבצ""ק שנוצר, גם ללא מצב חי.",""
"הגדרות אלגוריתם","a-1","כותרת","לשונית הגדרות",""
"הגדרות אלגוריתם","a-1","טקסט","כאן מרוכזות כל הגדרות המערכת — אלגוריתם, הסמכות, מראה, ייבוא/ייצוא. כל סעיף הוא אקורדיון; השינויים נשמרים מיידית.",""
"הגדרות אלגוריתם","a-2","כותרת","מרכז המדריכים",""
"הגדרות אלגוריתם","a-2","טקסט","האקורדיון הראשון הוא ספריית המדריכים. מכאן אפשר להפעיל את הסיור הכללי או מדריכים ממוקדים — חזור לכאן בכל עת.",""
"הגדרות אלגוריתם","a-3","כותרת","ערכות הגדרות שמורות",""
"הגדרות אלגוריתם","a-3","טקסט","הרשימה מציגה ערכות הגדרות — מובנות ושמורות. בחירת ערכה טוענת אותה מיידית. <strong>💾</strong> לצד הרשימה שומר ערכה חדשה. תג ""שונה"" = שינית מאז הטעינה האחרונה ולא שמרת. כפתור פתיחת החלונית המלאה חושף לכל ערכה: <strong>טען / עדכן (במקום) / שכפל / שנה שם / מחק</strong>. ערכות מובנות מסומנות ""מובנה"" ולא ניתן למחוק או לשנות שם להן.",""
"הגדרות אלגוריתם","a-3b","כותרת","הגדרות כלליות — שעת תחילת יום תפעולי",""
"הגדרות אלגוריתם","a-3b","טקסט","<strong>שעת תחילת יום תפעולי</strong> (ברירת מחדל 05:00) — קובעת את גבולות ""יום 1..7"" בכל המערכת: תצוגה, הקפאה במצב חי, חלוקת עומס, אי-זמינות, וייצוא. זוהי הגדרה בעלת השפעה רחבה — שינוי שלה מזיז את גבול היממה בכל המסכים, לכן כדאי לקבוע אותה פעם אחת לפני יצירת השבצ""ק.",""
"הגדרות אלגוריתם","a-3c","כותרת","כיול אוטומטי",""
"הגדרות אלגוריתם","a-3c","טקסט","כפתור <strong>🎯 כיול אוטומטי</strong> מריץ את המתזמן עשרות פעמים מול המשתתפים, המשימות וההסמכות שהגדרת — ומחפש את צירוף המשקלות שמשיג את הציון הטוב ביותר <strong>עבור הנתונים שלך</strong>. התהליך אורך מספר דקות. הוא <strong>אינו הרסני</strong>: ההגדרות הנוכחיות לא ישונו — בסיומו תוצג המלצה עם טבלת השוואה המראה בדיוק אילו משקלות ישתנו, ואתה בוחר <strong>החל הגדרות מומלצות</strong> או סוגר (ייתכן גם ""אין צורך בשינוי""). עדיף על כיוונון ידני של הסליידרים.",""
"הגדרות אלגוריתם","a-3c","טקסט (מובייל)","מכייל את <strong>כל המשקלות</strong> מהנתונים שלך (משתתפים, משימות, הסמכות). אורך מספר דקות, ורק <strong>מציע</strong> — ההגדרות לא ישונו עד שתאשר <strong>החל הגדרות מומלצות</strong>. עדיף על כוונון ידני של הסליידרים.",""
"הגדרות אלגוריתם","a-3d","כותרת","פיצול משמרות — הפעלה להרצה זו",""
"הגדרות אלגוריתם","a-3d","טקסט","מתג זה מפעיל פיצול משמרות <strong>עבור ההרצה הנוכחית בלבד</strong>. כשמסומן — משימה שסומנה ""<strong>ניתן לפיצול</strong>"" בכללי המשימות יכולה להתפצל לשתי משמרות לשני אנשים שונים: גם כדי לאייש משבצת שאחרת תישאר ריקה, וגם כשהפיצול משפר משמעותית את האיכות (עונש הפיצול קובע את הסף, והמערכת מאחה בחזרה כשכבר לא משתלם). כבוי = התנהגות רגילה לחלוטין (אף משמרת אינה מפוצלת). ההגדרה <strong>נקפאת על השבצ""ק</strong> שנוצר — שינוי כאן משפיע רק על השבצ""ק הבא.",""
"הגדרות אלגוריתם","a-4","כותרת","משקלות האלגוריתם",""
"הגדרות אלגוריתם","a-4","טקסט","כל סליידר קובע את החשיבות של גורם מסוים — איזון עומס, איזון יומי, מנוחה. שנה בהדרגה ובדוק את ההשפעה על הציון; ערך ברירת המחדל מוצג ליד כל משקל לעיון.",""
"הגדרות אלגוריתם","a-4b","כותרת","עונש פיצול משמרת",""
"הגדרות אלגוריתם","a-4b","טקסט","כשפיצול מופעל, סליידר זה קובע כמה ""יקר"" נחשב כל פיצול — וזהו <strong>הסף האמיתי</strong>: המערכת מפצלת משמרת שניתן לאייש בשלמותה רק כשהשיפור בהוגנות/מנוחה/איזון <strong>עולה על הקנס</strong>, ומאחה פיצול בחזרה כשכבר אינו מצדיק אותו. ערך גבוה יותר = פיצול נדיר יותר. פיצול שמונע משבצת ריקה משתלם תמיד ואינו מורתע. הקנס נכלל בכיול האוטומטי.",""
"הגדרות אלגוריתם","a-5","כותרת","תנאים מחייבים — קו אדום",""
"הגדרות אלגוריתם","a-5","טקסט","אילוצים קשים — אם מופרים, השבצ""ק פסול. בדרך-כלל אין לנטרל אותם. ⚠ ""מושבת"" = המערכת תדלג על הבדיקה — נטרל רק אם אתה יודע בדיוק מה אתה עושה.",""
"הגדרות אלגוריתם","a-6","כותרת","הסמכות ופק""לים",""
"הגדרות אלגוריתם","a-6","טקסט","הגדר אילו הסמכות קיימות. לכל הסמכה ניתן לבחור <strong>צבע</strong> (פלטה מובנית או הקסה אישית 🎨); ניגודיות נמוכה תידחה. <strong>פק""לים</strong> = פק""לים תפעוליים — אחריות תוספתית שצמודה לאדם. שינויים מופיעים מיידית בלשוניות משתתפים ומשימות.",""
"הגדרות אלגוריתם","a-7","כותרת","מראה · אחסון · אזור סכנה",""
"הגדרות אלגוריתם","a-7","טקסט","מתג <strong>בהיר/כהה</strong> — המדריך הנוכחי גם הוא מתאים את עצמו. <strong>יצירת שבצ""ק</strong> — קביעת מספר ניסיונות ברירת-מחדל. <strong>שימוש באחסון</strong> — דשבורד שמראה מה תופס מקום בזיכרון המקומי (גרסאות שמורות, מערכים, סטים, ערכות), עם התראה כשהזיכרון מלא. <strong>⚠ איפוס מערכת</strong> — מוחק את כל הנתונים; אל תלחץ בטעות.",""
"הגדרות אלגוריתם","a-8","כותרת","ייבוא / ייצוא נתונים",""
"הגדרות אלגוריתם","a-8","טקסט","ייצוא לקובץ JSON — לגיבוי או למחשב אחר. בייבוא ייפתח חלון בחירה: גיבוי מלא מחליף את כל הנתונים, וייבוא ממוקד מאפשר להוסיף כערכה/סט חדשים או להחליף קיימים. ייצוא Excel/PDF זמינים גם מלשונית השבצ""ק.",""
"כרטיס משתתף","pr-1","כותרת","כרטיס משתתף — ניווט",""
"כרטיס משתתף","pr-1","טקסט","הגעת לכאן בלחיצה על שם משתתף בגריד או בסרגל הצד. כפתור <strong>↩ חזרה</strong> מחזיר ללשונית השבצ""ק בכל עת. המידע נקרא מהשבצ""ק הקפוא — תואם בדיוק למה שמוצג בלשונית הראשית.",""
"כרטיס משתתף","pr-2","כותרת","עומס אפקטיבי",""
"כרטיס משתתף","pr-2","טקסט","המספר הגדול הוא סך שעות העומס <strong>המשוקלל</strong> — לא שעות גולמיות (חלונות עומס משפיעים על המשקל; משימות בלי עומס לא נספרות כלל). זה המספר שהאלגוריתם מנסה לאזן בין המשתתפים. בכותרת שמעל המספר — תגי <strong>הסמכות</strong>, <strong>פק""לים</strong>, ו-❤/🚫 ל<strong>העדפות משימה</strong> (אם הוגדרו).",""
"כרטיס משתתף","pr-3","כותרת","לו""ז אישי",""
"כרטיס משתתף","pr-3","טקסט","כל שיבוצי המשתתף, ממוינים לפי יום. יום 0 (אם קיים) מציג שיבוצים מלפני תחילת השבצ""ק — לקריאה בלבד, לצורך הקשר. תווית <strong>← יום N</strong> = משמרת חוצת ימים. במצב חי, לכל שיבוץ עתידי כפתור <strong>🆘</strong> (חילוץ של אותה משבצת) ולכל שיבוץ עבר אייקון <strong>🧊</strong> (קפוא). לחיצה על שם משימה פותחת את לוח המשימה.",""
"כרטיס משתתף","pr-3b","כותרת","מדדי עומס",""
"כרטיס משתתף","pr-3b","טקסט","כרטיס זה עונה על השאלה ""כמה עמוס המשתתף?"". השורה הראשונה חוזרת על העומס המשוקלל מהכותרת. <strong>אחוז ניצול</strong> מודד אותו יחסית ל<strong>שעות הזמינות של המשתתף עצמו</strong> — לא לכל התקופה — וצבוע ירוק / כתום / אדום לפי סף, כך שעומס-יתר או תת-ניצול בולטים מיד. מתחת, <strong>פירוט לפי סוג משימה</strong> מראה כמה שעות הושקעו בכל משימה — לא רק כמה, אלא על מה.",""
"כרטיס משתתף","pr-3b","טקסט (מובייל)","הכרטיס עונה ""כמה עמוס המשתתף?"". <strong>אחוז ניצול</strong> = העומס יחסית לשעות הזמינות של המשתתף עצמו, צבוע ירוק / כתום / אדום לפי סף. מתחת, <strong>פירוט לפי סוג משימה</strong> מראה כמה שעות הושקעו בכל משימה.",""
"כרטיס משתתף","pr-4","כותרת","אי-זמינות",""
"כרטיס משתתף","pr-4","טקסט","כרטיס אי-הזמינות מאחד שלוש רמות: כללים קבועים, אי-זמינות עתידית (סקופ-שבצ""ק), ושינויי הסמכה. <strong>🆘 סמן אי-זמינות</strong> ו-<strong>📜 שינוי הסמכה</strong> — אם מצב חי כבוי, תופיע בקשה אוטומטית להפעילו ולבחור עוגן; לאחר מכן תחושב תוכנית מאוחדת שמחליפה את כל השיבוצים שייפגעו. <strong>הסר</strong> ליד כל רשומה מבטל אותה.",""
"כרטיס משתתף","pr-4b","כותרת","שינוי הסמכה (אובדן הסמכה אמצע שבצ""ק)",""
"כרטיס משתתף","pr-4b","טקסט","הכפתור <strong>📜 שינוי הסמכה</strong> מטפל בתרחיש שבו הסמכה של המשתתף פוקעת או נשללת באמצע השבצ""ק — למשל אישור שתוקפו תם. לחיצה עליו פותחת בורר: בחר אילו הסמכות אבדו ולאיזו תקופה עתידית. המערכת תאתר את <strong>כל</strong> השיבוצים העתידיים שדורשים את אותן הסמכות, ותציע תוכנית החלפה מאוחדת — באותו ממשק של אי-זמינות עתידית, עם תוכניות מדורגות לבחירה. לאחר ההחלה, רישום השינוי מופיע בכרטיס אי-הזמינות שמתחת וניתן להסרה בלחיצת <strong>הסר</strong>. <em>הכפתור מוצג רק למשתתפים שמחזיקים לפחות הסמכה אחת.</em>",""
"כרטיס משתתף","pr-5","כותרת","סיום",""
"כרטיס משתתף","pr-5","טקסט","כעת אתה יודע לקרוא את הכרטיס האישי. כדי לראות מבט-על על משימה ספציפית, לחץ על תג משימה בגריד השבצ""ק. <strong>↩ חזרה</strong> מחזיר למסך הראשי.",""
"לוח משימה","tp-1","כותרת","לוח משימה — מבט-על",""
"לוח משימה","tp-1","טקסט","הכותרת מציגה את שם המשימה, תגי תכונות (קבוצה אחידה, חוסמת רצף), וחלונות עומס מוגבר. לצידה: מדדי מפתח — מספר המשמרות ומצב המילוי. כפתור <strong>חזור לשבצ""ק</strong> בראש הכרטיס מחזיר ללשונית הראשית בכל עת.",""
"לוח משימה","tp-2","כותרת","משבצות לא מאוישות",""
"לוח משימה","tp-2","טקסט","כרטיס זה מופיע רק כשיש משבצות לא מאוישות. כל שורה מציגה: יום, שעה, ושם המשבצת (תפקיד) — מיפוי מהיר של מה שחסר. זוהי רשימת מיפוי בלבד — המשבצות הריקות כאן אינן ניתנות לאיוש מהלוח. את האיוש מבצעים בגריד השבצ""ק: <strong>🆘 חילוץ</strong> על משבצת ריקה (במצב חי) או <strong>⇄ החלפה</strong> על תא מאויש.",""
"לוח משימה","tp-3","כותרת","ציר זמן שבועי",""
"לוח משימה","tp-3","טקסט","כל שורה = יום, עמודות = שעות. פסים כתומים = חלונות עומס מוגבר. ריחוף מעל משמרת מציג את פרטיה. בכל תא משובץ: <strong>🆘 חילוץ</strong> ו-<strong>⇄ החלפה</strong> זמינים ישירות מכאן (במצב חי, שיבוצי עבר מוצגים עם 🧊 במקום).",""
"לוח משימה","tp-4","כותרת","דרישות משבצת",""
"לוח משימה","tp-4","טקסט","מרכז את הדרישות לכל משבצת — מספר ממלאים, רמות מותרות (תג ~ = עדיפות נמוכה), הסמכות נדרשות, ותת-צוות. כאן רואים בדיוק מה דרוש לכל תפקיד.",""
"לוח משימה","tp-4b","כותרת","תכונות המשימה",""
"לוח משימה","tp-4b","טקסט","כרטיס <strong>⚙️ תכונות משימה</strong> מרכז את האופן שבו המערכת ""שוקלת"" את המשימה: <strong>משקל בסיס</strong>, תוספת <strong>עומס מוגבר ×N</strong> לכל חלון מוגבר, האם המשימה <strong>חוסמת רצף</strong> משימות כבדות, האם <strong>נדרשת אותה הקבוצה</strong>, וה<strong>פער מנוחה מינימלי</strong> שנדרש לפני משימה עמוסה אחרת. אלו הערכים שהאופטימייזר מאזן — והם מסבירים למה המשימה מאוישת כפי שהיא.",""
"לוח משימה","tp-4b","טקסט (מובייל)","הכרטיס <strong>⚙️ תכונות משימה</strong> מציג כיצד המערכת שוקלת את המשימה מבחינה מספרית: <strong>משקל בסיס</strong>, תוספת <strong>עומס מוגבר ×N</strong> לכל חלון, <strong>חוסמת רצף</strong>, <strong>נדרשת אותה הקבוצה</strong>, ו<strong>פער מנוחה מינימלי</strong>. אלו הערכים שהאופטימייזר מאזן בעת השיבוץ.",""
"לוח משימה","tp-5","כותרת","השוואת העומסים בין המשתתפים",""
"לוח משימה","tp-5","טקסט","גרף עמודות שמשווה בין המשתתפים שעבדו במשימה זו — לכל אחד מספר השעות ומספר המשמרות שצבר בה. לחיצה על שם משתתף פותחת את הכרטיס האישי שלו.",""
"טקסטים נלווים","banner-text","טקסט הבאנר שמופיע למשתמש חדש","חדש כאן? סיור מודרך קצר מציג את כל חלקי המערכת.",""
"טקסטים נלווים","banner-button-start","כפתור בבאנר — פתיחת המדריך","📖 פתח מדריך",""
"טקסטים נלווים","banner-button-dismiss","כפתור בבאנר — דחייה","לא עכשיו",""
"טקסטים נלווים","launcher-intro","פתיח לוח בחירת המדריך","בחר מדריך — המערכת תדריך אותך שלב אחר שלב, וניתן לצאת בכל עת. הסיור משתמש בנתוני הדגמה זמניים; הנתונים שלך יוחזרו אוטומטית ביציאה.",""
"טקסטים נלווים","step-counter","מונה השלבים בראש כל בועה","שלב {מספר} מתוך {סך הכול}",""
"טקסטים נלווים","deep-tour-header","כותרת בסיור המעמיק","סיור מעמיק · מסלול {מספר} מתוך 6 · {שם המסלול}",""
"טקסטים נלווים","button-next","כפתור — מעבר לשלב הבא","← המשך",""
"טקסטים נלווים","button-finish","כפתור — סיום המדריך","✓ סיים",""
"טקסטים נלווים","button-back","כפתור — חזרה לשלב הקודם","חזרה →",""
"טקסטים נלווים","button-exit","כפתור — יציאה מהמדריך","יציאה מהמדריך",""
"טקסטים נלווים","label-completed","תווית ""מסלול הושלם"" בלוח הבחירה","הושלם",""
"טקסטים נלווים","label-close","תווית הכפתור לסגירת הבאנר","סגור",""
"טקסטים נלווים","toast-tour-active","הודעה — נלחץ על הרקע בזמן שהמדריך פעיל","המדריך פעיל — השתמש בכפתורי ""המשך"" / ""יציאה"" כדי להתקדם.",""
"טקסטים נלווים","toast-tab-closed","הודעה — המסך נסגר באמצע המדריך","המסך נסגר; המדריך נסגר.",""
"טקסטים נלווים","toast-demo-load-failed","הודעה — כשל בטעינת נתוני ההדגמה","טעינת נתוני הדגמה נכשלה — נסה לרענן את הדף.",""
"טקסטים נלווים","error-finish-editing-first","הודעה — צריך לסיים עריכה ידנית לפני התחלת מדריך","סיים את העריכה הידנית לפני התחלת המדריך.",""
"טקסטים נלווים","error-close-dialog-first","הודעה — צריך לסגור חלון לפני התחלת מדריך","סגור את החלון לפני התחלת המדריך.",""
"טקסטים נלווים","error-close-edit-sheet-first","הודעה — צריך לסגור את גיליון העריכה לפני התחלת מדריך","סגור את גיליון העריכה לפני התחלת המדריך.",""
